timestamp_unix_seconds,time_ms,frame_index,eye_position_x,eye_position_y,eye_position_z,eye_orientation_x,eye_orientation_y,eye_orientation_z,eye_orientation_w,gaze_dir_x,gaze_dir_y,gaze_dir_z,plane_center_x,plane_center_y,plane_center_z,plane_normal_x,plane_normal_y,plane_normal_z,plane_width,plane_height,hit,in_out,reason,t,hit_x,hit_y,hit_z,plane_u,plane_v
1780011696.242489,78.9,0,0.37249302864074707,1.0841023921966553,-0.43881887197494507,-0.04555102437734604,0.40939009189605713,-0.09648041427135468,-0.9060995578765869,0.7331067827888614,0.16154377382745444,-0.6606497212339906,0.0,0.0,-1.0,0.0,0.0,1.0,1.0,0.6,True,False,outside,0.8494382272300912,0.9952219545832731,1.221323849056707,-1.0,0.9952219545832731,1.221323849056707
1780011696.421143,257.5,1,0.3783004879951477,1.0675065517425537,-0.39296239614486694,-0.042363788932561874,0.21248851716518402,-0.2058504819869995,-0.95429527759552,0.3881123803852905,0.16833686180619933,-0.9061078750065602,0.0,0.0,-1.0,0.0,0.0,1.0,1.0,0.6,True,False,outside,0.6699396623726928,0.6383123650731313,1.1802820921058776,-1.0,0.6383123650731313,1.1802820921058776
1780011696.433217,269.6,2,0.37892577052116394,1.0667942762374878,-0.38990518450737,-0.040534067898988724,0.19328993558883667,-0.21534638106822968,-0.9563587307929993,0.35225127158794933,0.16077878033077272,-0.921991987741771,0.0,0.0,-1.0,0.0,0.0,1.0,1.0,0.6,True,False,outside,0.6617137931826623,0.612015295597042,1.1731838128334455,-1.0,0.612015295597042,1.1731838128334455
1780011696.481237,317.6,3,0.3796643614768982,1.0662978887557983,-0.3868734538555145,-0.03853950276970863,0.17383909225463867,-0.22473107278347015,-0.9580138921737671,0.3157584844430359,0.15197685010660283,-0.9365893532033728,0.0,0.0,-1.0,0.0,0.0,1.0,1.0,0.6,True,False,outside,0.6546375357006113,0.586371717609247,1.165787639393126,-1.0,0.586371717609247,1.165787639393126
1780011696.524522,360.9,4,0.3851320445537567,1.067688226699829,-0.3711387813091278,-0.023437879979610443,0.04910304397344589,-0.27613717317581177,-0.9595769047737122,0.0812921526150945,0.07209924688657325,-0.9940791138141839,0.0,0.0,-1.0,0.0,0.0,1.0,1.0,0.6,True,False,outside,0.6326068116228631,0.43655801402955086,1.113298701393154,-1.0,0.43655801402955086,1.113298701393154
1780011696.531540,367.9,5,0.38610199093818665,1.068534016609192,-0.3690195381641388,-0.020731929689645767,0.028470395132899284,-0.28304606676101685,-0.9584594964981079,0.04283925634605731,0.05585829323079041,-0.9975192475301216,0.0,0.0,-1.0,0.0,0.0,1.0,1.0,0.6,True,False,outside,0.6325496609696324,0.41319994801607635,1.1038671610546706,-1.0,0.41319994801607635,1.1038671610546706
1780011696.617905,454.3,6,0.3894226551055908,1.0740045309066772,-0.3606400489807129,-0.008618336170911789,-0.0644252747297287,-0.30804434418678284,-0.9491490125656128,-0.12760802384202066,-0.02333151112504263,-0.9915502170035345,0.0,0.0,-1.0,0.0,0.0,1.0,1.0,0.6,True,False,outside,0.6448084424321275,0.3071399240101757,1.0589601755585507,-1.0,0.3071399240101757,1.0589601755585507
1780011696.631225,467.6,7,0.39039507508277893,1.0769847631454468,-0.3579658567905426,-0.00375997181981802,-0.09671436995267868,-0.3130473792552948,-0.9447928667068481,-0.18510418688844654,-0.053447569420854296,-0.9812643870636344,0.0,0.0,-1.0,0.0,0.0,1.0,1.0,0.6,True,False,outside,0.6542927183271168,0.26928275346980657,1.0420144076610987,-1.0,0.26928275346980657,1.0420144076610987
1780011696.713938,550.3,8,0.3940313458442688,1.086834192276001,-0.350627601146698,0.006988530047237873,-0.18436330556869507,-0.3161095380783081,-0.9306106567382812,-0.33872259702114577,-0.1295651865182969,-0.9319226709924646,0.0,0.0,-1.0,0.0,0.0,1.0,1.0,0.6,True,False,outside,0.6968093159078783,0.15800628473142428,0.9965519632927099,-1.0,0.15800628473142428,0.9965519632927099
1780011696.725446,561.8,9,0.394930899143219,1.088575839996338,-0.34946534037590027,0.008214091882109642,-0.19832555949687958,-0.3156047463417053,-0.9278971552848816,-0.3628666374269443,-0.14042864280607328,-0.9211990011512751,0.0,0.0,-1.0,0.0,0.0,1.0,1.0,0.6,True,False,outside,0.7061825499279628,0.1386808118412739,0.989407582936622,-1.0,0.1386808118412739,0.989407582936622
1780011696.810785,647.2,10,0.4019903838634491,1.0998603105545044,-0.3440932035446167,0.01674310863018036,-0.27990594506263733,-0.3066393733024597,-0.9095848202705383,-0.4989282445575344,-0.20211893817369272,-0.8427446479297724,0.0,0.0,-1.0,0.0,0.0,1.0,1.0,0.6,True,False,outside,0.7782983826318424,0.013675338074975785,0.942551467874654,-1.0,0.013675338074975785,0.942551467874654
1780011696.823900,660.3,11,0.40336039662361145,1.101583480834961,-0.34353137016296387,0.017747150734066963,-0.2928227484226227,-0.3048650026321411,-0.9060889482498169,-0.5198259548008246,-0.21070381542282327,-0.8278797490467297,0.0,0.0,-1.0,0.0,0.0,1.0,1.0,0.6,True,False,outside,0.7929516703276454,-0.008836462515365517,0.9345055384510254,-1.0,-0.008836462515365517,0.9345055384510254
1780011696.911156,747.5,12,0.40956488251686096,1.1101900339126587,-0.3394628167152405,0.017446640878915787,-0.3576987683773041,-0.2935613691806793,-0.8863232135772705,-0.6238301799778555,-0.2409398275634025,-0.7434943887095009,0.0,0.0,-1.0,0.0,0.0,1.0,1.0,0.6,True,False,outside,0.8884225534388606,-0.14465991889128937,0.8961336570836619,-1.0,-0.14465991889128937,0.8961336570836619
1780011696.994819,831.2,13,0.4123787581920624,1.1130993366241455,-0.33282670378685,0.0026284188497811556,-0.3915444314479828,-0.2795288860797882,-0.876669704914093,-0.6850407621304047,-0.22350444106977937,-0.6933721360437552,0.0,0.0,-1.0,0.0,0.0,1.0,1.0,0.6,True,False,outside,0.962215326418955,-0.2467779623515347,0.8980399379041016,-1.0,-0.2467779623515347,0.8980399379041016
1780011697.077396,913.8,14,0.4113158583641052,1.1179710626602173,-0.3228710889816284,-0.006905421614646912,-0.4247661232948303,-0.25992512702941895,-0.8671591877937317,-0.7402694241109935,-0.2088385622712921,-0.6390521376498459,0.0,0.0,-1.0,0.0,0.0,1.0,1.0,0.6,True,False,outside,1.0595832031930217,-0.37306118926127474,0.8966892298985762,-1.0,-0.37306118926127474,0.8966892298985762
1780011697.086263,922.6,15,0.40855857729911804,1.1204333305358887,-0.319330632686615,-0.005037334747612476,-0.43307918310165405,-0.25647789239883423,-0.8640811443328857,-0.7510149770092986,-0.21344512176174513,-0.6248341254315714,0.0,0.0,-1.0,0.0,0.0,1.0,1.0,0.6,True,False,outside,1.0893601031205655,-0.40956717550082067,0.8879147306829324,-0.9999999999999999,-0.40956717550082067,0.8879147306829324
1780011697.163921,1000.3,16,0.39918795228004456,1.12506103515625,-0.3118196129798889,0.003247965592890978,-0.4461718201637268,-0.2525307536125183,-0.8585734963417053,-0.7645021213677144,-0.23092142957484774,-0.6018403441008031,0.0,0.0,-1.0,0.0,0.0,1.0,1.0,0.6,True,False,outside,1.1434600451192862,-0.4749896779128723,0.8610116068755845,-1.0,-0.4749896779128723,0.8610116068755845
1780011697.218785,1055.2,17,0.38120901584625244,1.1317617893218994,-0.30284884572029114,0.0243879035115242,-0.4632943272590637,-0.25692471861839294,-0.8477932810783386,-0.773023799909429,-0.27941528554878264,-0.5695272627146828,0.0,0.0,-1.0,0.0,0.0,1.0,1.0,0.6,True,False,outside,1.224087414106745,-0.5650396884278505,0.7897330549725923,-1.0,-0.5650396884278505,0.7897330549725923
1780011697.278166,1114.5,18,0.3645009696483612,1.1372698545455933,-0.29656800627708435,0.04326449707150459,-0.480890691280365,-0.26565468311309814,-0.8344458937644958,-0.7795676663935622,-0.32770548113773595,-0.5337446684941972,0.0,0.0,-1.0,0.0,0.0,1.0,1.0,0.6,True,False,outside,1.3179185390412254,-0.6629057103288198,0.7053807256087463,-1.0,-0.6629057103288198,0.7053807256087463
1780011697.361829,1198.2,19,0.33811017870903015,1.1469924449920654,-0.29142847657203674,0.07634789496660233,-0.5138874650001526,-0.27669453620910645,-0.8084126114845276,-0.7886160104282414,-0.4078208509459369,-0.46018142251722416,0.0,0.0,-1.0,0.0,0.0,1.0,1.0,0.6,True,False,outside,1.5397655984286112,-0.8761736245183949,0.5190439283836294,-1.0,-0.8761736245183949,0.5190439283836294
1780011697.369722,1206.1,20,0.33359473943710327,1.1488288640975952,-0.29148587584495544,0.08278034627437592,-0.5201624035835266,-0.27731913328170776,-0.8035374879837036,-0.7900269070702817,-0.4215362355892997,-0.44515692535348383,0.0,0.0,-1.0,0.0,0.0,1.0,1.0,0.6,True,False,outside,1.591605305460401,-0.9238162773124281,0.4779095550898603,-1.0,-0.9238162773124281,0.4779095550898603
1780011697.419537,1255.9,21,0.3154129385948181,1.1566581726074219,-0.2939174771308899,0.11081326007843018,-0.5450698733329773,-0.27681538462638855,-0.7835769057273865,-0.7928584851852725,-0.47542874790051415,-0.38123867608030615,0.0,0.0,-1.0,0.0,0.0,1.0,1.0,0.6,True,False,outside,1.8520747425960977,-1.1530202362698274,0.27612859671679213,-1.0,-1.1530202362698274,0.27612859671679213
1780011697.485673,1322.0,22,0.29671788215637207,1.1631203889846802,-0.29811525344848633,0.13822351396083832,-0.5627392530441284,-0.27147504687309265,-0.768453061580658,-0.789828921518394,-0.5179758870569373,-0.32843759705714176,0.0,0.0,-1.0,0.0,0.0,1.0,1.0,0.6,True,False,outside,2.1370414131650075,-1.3911792324438907,0.05618446732312421,-1.0,-1.3911792324438907,0.05618446732312421
1780011697.544394,1380.8,23,0.2842954993247986,1.1667319536209106,-0.3026396632194519,0.15600748360157013,-0.5762155055999756,-0.26240697503089905,-0.7581425905227661,-0.791831929025275,-0.5389576353114582,-0.2872748918990193,0.0,0.0,-1.0,0.0,0.0,1.0,1.0,0.6,True,False,outside,2.427501868230374,-1.6378779877085174,-0.1415887129946789,-1.0,-1.6378779877085174,-0.1415887129946789
1780011697.608911,1445.3,24,0.2629941999912262,1.171730399131775,-0.31327345967292786,0.1864539235830307,-0.6015858054161072,-0.23766100406646729,-0.7394909262657166,-0.801108731600596,-0.5617088695081768,-0.20665900916517158,0.0,0.0,-1.0,0.0,0.0,1.0,1.0,0.6,True,False,outside,3.3229934813933424,-2.399084893004843,-0.6948245126847201,-1.0,-2.399084893004843,-0.6948245126847201
1780011697.673215,1509.6,25,0.25087517499923706,1.1741622686386108,-0.3213762640953064,0.2065921127796173,-0.616684079170227,-0.21673621237277985,-0.728042483329773,-0.8083924345350288,-0.5681312139693888,-0.15404088905286772,0.0,0.0,-1.0,0.0,0.0,1.0,1.0,0.6,True,False,outside,4.405477922629919,-3.310479848165885,-1.3287272516604665,-1.0,-3.310479848165885,-1.3287272516604665
1780011697.744831,1581.2,26,0.23649969696998596,1.177156925201416,-0.3382648229598999,0.24435588717460632,-0.6392509937286377,-0.17144814133644104,-0.7086989879608154,-0.8222840487553749,-0.5655461295317238,-0.06329706576260231,0.0,0.0,-1.0,0.0,0.0,1.0,1.0,0.6,True,False,outside,10.454436853707552,-8.360016966554063,-4.735309373846702,-1.0,-8.360016966554063,-4.735309373846702
1780011697.760326,1596.7,27,0.234748974442482,1.1773046255111694,-0.3416735529899597,0.2510039210319519,-0.6433299779891968,-0.16137154400348663,-0.7050409913063049,-0.8261382272962133,-0.561566408300368,-0.046247145517259274,0.0,0.0,-1.0,0.0,0.0,1.0,1.0,0.6,True,False,outside,14.234963902028397,-11.525298869204848,-6.8165729252363105,-1.0,-11.525298869204848,-6.8165729252363105
1780011697.810715,1647.1,28,0.2298007607460022,1.176275610923767,-0.35633552074432373,0.27478399872779846,-0.6612986326217651,-0.11820732057094574,-0.6878989934921265,-0.844850262894855,-0.5343878853082508,0.02564412841705233,0.0,0.0,-1.0,0.0,0.0,1.0,1.0,0.6,False,False,behind_ray,-25.09987739835466,nan,nan,nan,nan,nan
1780011697.871878,1708.2,29,0.22806233167648315,1.1724815368652344,-0.3703196048736572,0.2915264368057251,-0.6783686280250549,-0.07094399631023407,-0.6706678867340088,-0.8685558999670261,-0.48728714118264244,0.09034318275618271,0.0,0.0,-1.0,0.0,0.0,1.0,1.0,0.6,False,False,behind_ray,-6.969871725968721,nan,nan,nan,nan,nan
1780011697.934324,1770.7,30,0.22837914526462555,1.1652477979660034,-0.37829482555389404,0.2973310053348541,-0.6900391578674316,-0.018872112035751343,-0.6596090197563171,-0.8990895934110122,-0.4182894261997175,0.1291195529326672,0.0,0.0,-1.0,0.0,0.0,1.0,1.0,0.6,False,False,behind_ray,-4.814957613509633,nan,nan,nan,nan,nan
1780011697.997775,1834.1,31,0.22936037182807922,1.1598471403121948,-0.37539663910865784,0.2882639467716217,-0.6898617744445801,0.008637398481369019,-0.6640181541442871,-0.9211411074473023,-0.37090773424312096,0.11801064718656606,0.0,0.0,-1.0,0.0,0.0,1.0,1.0,0.6,False,False,behind_ray,-5.292771252274303,nan,nan,nan,nan,nan
1780011698.062315,1898.7,32,0.2277865707874298,1.1567816734313965,-0.36225974559783936,0.27615344524383545,-0.6758714318275452,0.025206878781318665,-0.6828628778457642,-0.9369769413681552,-0.34307664925877485,0.06612582005350352,0.0,0.0,-1.0,0.0,0.0,1.0,1.0,0.6,False,False,behind_ray,-9.644345489948618,nan,nan,nan,nan,nan
1780011698.124007,1960.4,33,0.2225891798734665,1.1580086946487427,-0.3457159101963043,0.2681533992290497,-0.6548562049865723,0.01842980831861496,-0.7063409686088562,-0.9349874548313523,-0.3546776735070414,0.0014856727844745339,0.0,0.0,-1.0,0.0,0.0,1.0,1.0,0.6,False,False,behind_ray,-440.39582379178387,nan,nan,nan,nan,nan
1780011698.191990,2028.4,34,0.21510259807109833,1.1604228019714355,-0.32451131939888,0.2589249610900879,-0.6203415393829346,-5.815178155899048e-05,-0.7403609752655029,-0.9185230935045867,-0.3834679684250121,-0.09626860282957428,0.0,0.0,-1.0,0.0,0.0,1.0,1.0,0.6,True,False,outside,7.01670805170973,-6.229905787803864,-1.5302599796491192,-1.0,-6.229905787803864,-1.5302599796491192
1780011698.258085,2094.5,35,0.202700674533844,1.1620186567306519,-0.2873585820198059,0.23477667570114136,-0.5499652624130249,-0.028175927698612213,-0.8010146021842957,-0.8678301776046609,-0.40711059157858415,-0.2848363548832874,0.0,0.0,-1.0,0.0,0.0,1.0,1.0,0.6,True,False,outside,2.5019327967183163,-1.9685521087971383,0.14345531576879655,-1.0,-1.9685521087971383,0.14345531576879655
1780011698.268868,2105.2,36,0.20051100850105286,1.161644697189331,-0.28075888752937317,0.22890816628932953,-0.5359236001968384,-0.03219692036509514,-0.8120039701461792,-0.855603783708571,-0.406258800488486,-0.3207739894836133,0.0,0.0,-1.0,0.0,0.0,1.0,1.0,0.6,True,False,outside,2.2422052162909836,-1.7179282584086075,0.2507290955699297,-1.0,-1.7179282584086075,0.2507290955699297
1780011698.321908,2158.3,37,0.19412709772586823,1.1588886976242065,-0.26133209466934204,0.20832382142543793,-0.49223798513412476,-0.04057080298662186,-0.8441901803016663,-0.8141811366803867,-0.39167079053926807,-0.4286059594921404,0.0,0.0,-1.0,0.0,0.0,1.0,1.0,0.6,True,False,outside,1.723419586153009,-1.2090486199054304,0.4838755858847993,-1.0,-1.2090486199054304,0.4838755858847993
1780011698.373758,2210.1,38,0.18846359848976135,1.1517338752746582,-0.23942060768604279,0.1732877939939499,-0.44111090898513794,-0.04201909154653549,-0.8795607089996338,-0.7614047509380231,-0.3419043818918687,-0.5507850750448366,0.0,0.0,-1.0,0.0,0.0,1.0,1.0,0.6,True,False,outside,1.3809005123314975,-0.8629606121721909,0.6795979391517928,-1.0,-0.8629606121721909,0.6795979391517928
1780011698.436211,2272.6,39,0.1866067349910736,1.1434955596923828,-0.22140654921531677,0.13684074580669403,-0.4060297906398773,-0.03426968306303024,-0.9029064178466797,-0.7238348360279568,-0.27493780213114655,-0.6328288355564049,0.0,0.0,-1.0,0.0,0.0,1.0,1.0,0.6,True,False,outside,1.2303381373260545,-0.7039548688992728,0.8052290963378286,-1.0,-0.7039548688992728,0.8052290963378286
1780011698.495508,2331.9,40,0.18770435452461243,1.135609745979309,-0.20386603474617004,0.10090722888708115,-0.38035640120506287,-0.02764623984694481,-0.9189028143882751,-0.6934417535405011,-0.2064787305678416,-0.690293465324544,0.0,0.0,-1.0,0.0,0.0,1.0,1.0,0.6,True,False,outside,1.1533268171378743,-0.61206061595676,0.8974722888468316,-1.0,-0.61206061595676,0.8974722888468316
1780011698.528492,2364.9,41,0.18809504806995392,1.1326353549957275,-0.19745202362537384,0.08806049078702927,-0.37271666526794434,-0.025012027472257614,-0.9234187006950378,-0.6839418930444907,-0.1812781958693023,-0.7066552926576645,0.0,0.0,-1.0,0.0,0.0,1.0,1.0,0.6,True,False,outside,1.1356993780607207,-0.5886573344903462,0.9267578206909914,-1.0,-0.5886573344903462,0.9267578206909914
1780011698.594028,2430.4,42,0.18818575143814087,1.1251739263534546,-0.18481843173503876,0.05807631462812424,-0.3572523891925812,-0.02163824439048767,-0.9319493770599365,-0.6633689554694557,-0.12370900160415074,-0.7379957397176948,0.0,0.0,-1.0,0.0,0.0,1.0,1.0,0.6,True,False,outside,1.1045884473219212,-0.5445639330854299,0.9885263923517806,-1.0,-0.5445639330854299,0.9885263923517806
1780011698.655691,2492.1,43,0.18591846525669098,1.116736888885498,-0.1698119044303894,0.023863062262535095,-0.33461347222328186,-0.02314593270421028,-0.9417688846588135,-0.6291524550352195,-0.060436861617609805,-0.7749287541967778,0.0,0.0,-1.0,0.0,0.0,1.0,1.0,0.6,True,False,outside,1.0713089313999062,-0.48809817903471764,1.0519903392487724,-1.0,-0.48809817903471764,1.0519903392487724
1780011698.713279,2549.6,44,0.1820354163646698,1.1116118431091309,-0.15845416486263275,0.002714032307267189,-0.31261464953422546,-0.025671742856502533,-0.949529230594635,-0.5935340980229014,-0.02120483004464581,-0.8045294461155034,0.0,0.0,-1.0,0.0,0.0,1.0,1.0,0.6,True,False,outside,1.0460099865835732,-0.4388071775451585,1.0894313791186239,-1.0,-0.4388071775451585,1.0894313791186239
1780011698.761459,2597.8,45,0.17581120133399963,1.1069530248641968,-0.14795063436031342,-0.014497388154268265,-0.28725725412368774,-0.02928605116903782,-0.9572958946228027,-0.550829518812682,0.010931318963647664,-0.8345461925323872,0.0,0.0,-1.0,0.0,0.0,1.0,1.0,0.6,True,False,outside,1.0209732825623312,-0.3865710206204137,1.118113609469248,-1.0,-0.3865710206204137,1.118113609469248
1780011698.822908,2659.3,46,0.16754479706287384,1.1028680801391602,-0.13833878934383392,-0.02894825115799904,-0.25958681106567383,-0.03269250690937042,-0.9647320508956909,-0.50275619305222,0.03888152248893899,-0.8635533785218961,0.0,0.0,-1.0,0.0,0.0,1.0,1.0,0.6,True,False,outside,0.9978088582445607,-0.33410978590194373,1.1416644077006586,-1.0,-0.33410978590194373,1.1416644077006586
1780011698.883749,2720.1,47,0.15369832515716553,1.0982433557510376,-0.12718874216079712,-0.04635715112090111,-0.2189219444990158,-0.03635483235120773,-0.9739623069763184,-0.4298140345779741,0.07438249061632418,-0.8998483987703243,0.0,0.0,-1.0,0.0,0.0,1.0,1.0,0.6,True,False,outside,0.9699536711205258,-0.2632013755808651,1.1703909255914293,-1.0,-0.2632013755808651,1.1703909255914293
1780011698.951122,2787.5,48,0.13904911279678345,1.09470796585083,-0.11904708296060562,-0.05870677903294563,-0.17744937539100647,-0.03998671472072601,-0.9815632104873657,-0.35305052544981125,0.10105758983830179,-0.9301304693513087,0.0,0.0,-1.0,0.0,0.0,1.0,1.0,0.6,True,False,outside,0.9471283288394888,-0.1953350413683997,1.1904224720309273,-1.0,-0.1953350413683997,1.1904224720309273
1780011699.013276,2849.6,49,0.1203923150897026,1.092013955116272,-0.11208300292491913,-0.0661294013261795,-0.12488547712564468,-0.04745502397418022,-0.9888268709182739,-0.25325656564198845,0.11892816659097726,-0.9600610413669195,0.0,0.0,-1.0,0.0,0.0,1.0,1.0,0.6,True,False,outside,0.924854731956292,-0.11383321804328969,1.2020052327508235,-1.0,-0.11383321804328969,1.2020052327508235
1780011699.075177,2911.5,50,0.09160798788070679,1.0879340171813965,-0.10719563812017441,-0.07418699562549591,-0.04556313529610634,-0.06046079099178314,-0.9943665862083435,-0.09958371506490839,0.14202855506078313,-0.9848405826534654,0.0,0.0,-1.0,0.0,0.0,1.0,1.0,0.6,True,False,outside,0.9065470875238856,0.0013306610238056071,1.2166895901169752,-1.0,0.0013306610238056071,1.2166895901169752
1780011699.132674,2969.0,51,0.05936751142144203,1.0841940641403198,-0.10740014910697937,-0.07736320793628693,0.044300444424152374,-0.07700873911380768,-0.9930368661880493,0.07606865072770644,0.16047205238190942,-0.9841048118878415,0.0,0.0,-1.0,0.0,0.0,1.0,1.0,0.6,True,False,outside,0.907017057645228,0.12836307518352885,1.2297449529260502,-1.0,0.12836307518352885,1.2297449529260502
1780011699.200003,3036.4,52,0.02941541001200676,1.081870675086975,-0.11219946295022964,-0.074432872235775,0.1275300830602646,-0.0942908301949501,-0.9845329523086548,0.23707844728109237,0.170613053875662,-0.956391653916954,0.0,0.0,-1.0,0.0,0.0,1.0,1.0,0.6,True,False,outside,0.928281351487892,0.24949091146275015,1.2402475913201512,-1.0,0.24949091146275015,1.2402475913201512
1780011699.255474,3091.8,53,0.013647086918354034,1.0812938213348389,-0.11603975296020508,-0.07059957832098007,0.17057064175605774,-0.10229136049747467,-0.9774752855300903,0.31901368759859755,0.1729144745822237,-0.931842718276372,0.0,0.0,-1.0,0.0,0.0,1.0,1.0,0.6,True,False,outside,0.9486152863595423,0.3162683475323112,1.2453231351563647,-1.0,0.3162683475323112,1.2453231351563647
1780011699.303966,3140.3,54,-0.00407201424241066,1.08357834815979,-0.12097327411174774,-0.056413207203149796,0.2173536866903305,-0.10780077427625656,-0.9684802293777466,0.408842706849622,0.15613193740886006,-0.899149853571044,0.0,0.0,-1.0,0.0,0.0,1.0,1.0,0.6,True,False,outside,0.9776198287717323,0.39562072282248834,1.2362160260752386,-1.0,0.39562072282248834,1.2362160260752386
1780011699.366696,3203.0,55,-0.019566189497709274,1.0893851518630981,-0.12557831406593323,-0.032037802040576935,0.2537234127521515,-0.10693108290433884,-0.9608140587806702,0.4807104169345957,0.11582659103109187,-0.8691960054329998,0.0,0.0,-1.0,0.0,0.0,1.0,1.0,0.6,True,False,outside,1.0060120852700696,0.46403429945370794,1.2059081022360103,-1.0,0.46403429945370794,1.2059081022360103
1780011699.454787,3291.2,56,-0.026703275740146637,1.0994571447372437,-0.12522205710411072,0.0025229030288755894,0.254069447517395,-0.10092715173959732,-0.9619024395942688,0.4892891829886736,0.046431426949665205,-0.8708847329019462,0.0,0.0,-1.0,0.0,0.0,1.0,1.0,0.6,True,False,outside,1.00447040790458,0.46477322947978505,1.1460961391049656,-0.9999999999999999,0.46477322947978505,1.1460961391049656
1780011699.643850,3480.2,57,-0.009237777441740036,1.1272075176239014,-0.10869789123535156,0.07303394377231598,0.13803182542324066,-0.060590483248233795,-0.9858713746070862,0.28101348611578064,-0.12727727888576063,-0.9512265318526877,0.0,0.0,-1.0,0.0,0.0,1.0,1.0,0.6,True,False,outside,0.9370029944693348,0.25407270053501324,1.007948326180035,-1.0,0.25407270053501324,1.007948326180035
1780011699.646957,3483.3,58,-0.00621921569108963,1.1292976140975952,-0.10750611126422882,0.07810049504041672,0.1247464194893837,-0.05596157908439636,-0.9875257015228271,0.2551218280581562,-0.14029046980907744,-0.9566772898574591,0.0,0.0,-1.0,0.0,0.0,1.0,1.0,0.6,True,False,outside,0.9329100817985854,0.2317865097912495,0.9984192204324468,-1.0,0.2317865097912495,0.9984192204324468
1780011699.656422,3492.8,59,8.06264579296112e-05,1.132699728012085,-0.10559980571269989,0.08558996021747589,0.09803496301174164,-0.045997872948646545,-0.99042809009552,0.20206705413312892,-0.16052258586330456,-0.9661270129034366,0.0,0.0,-1.0,0.0,0.0,1.0,1.0,0.6,True,False,outside,0.925758396506707,0.187145898479049,0.9840945963201619,-1.0,0.187145898479049,0.9840945963201619
1780011699.742583,3578.9,60,0.021503493189811707,1.1363836526870728,-0.10162840783596039,0.08946453034877777,0.009482132270932198,-0.024430980905890465,-0.9956451654434204,0.023253091207033904,-0.17768654197479983,-0.9838123736517829,0.0,0.0,-1.0,0.0,0.0,1.0,1.0,0.6,True,False,outside,0.9131533778431773,0.0427371319708102,0.9741285866855107,-1.0,0.0427371319708102,0.9741285866855107
1780011699.755576,3591.9,61,0.024787526577711105,1.1361541748046875,-0.10155115276575089,0.08822672069072723,-0.004675449803471565,-0.022735336795449257,-0.9958299994468689,-0.0053001774155842256,-0.17593020914743732,-0.9843883733713551,0.0,0.0,-1.0,0.0,0.0,1.0,1.0,0.6,True,False,outside,0.9126975404608058,0.019950067686501472,0.9755831056230663,-1.0,0.019950067686501472,0.9755831056230663
1780011699.842525,3678.9,62,0.04015583172440529,1.1283601522445679,-0.10104292631149292,0.06023891270160675,-0.07249219715595245,-0.021803436800837517,-0.9953093528747559,-0.14167750109905258,-0.12307387152804987,-0.9822323084838052,0.0,0.0,-1.0,0.0,0.0,1.0,1.0,0.6,True,False,outside,0.9152183917429436,-0.08951002297762875,1.0157206814790884,-1.0,-0.08951002297762875,1.0157206814790884
1780011699.850999,3687.4,63,0.04161417484283447,1.1262236833572388,-0.10099783539772034,0.052360083907842636,-0.08032866567373276,-0.02300361357629299,-0.9951264262199402,-0.1574654068952091,-0.10790550084620767,-0.9816114549649751,0.0,0.0,-1.0,0.0,0.0,1.0,1.0,0.6,True,False,outside,0.9158431883156426,-0.1025994454574938,1.0273991654254517,-1.0,-0.1025994454574938,1.0273991654254517
1780011699.935097,3771.5,64,0.04308104142546654,1.1077334880828857,-0.10047141462564468,-0.007229487411677837,-0.1023426279425621,-0.03806442767381668,-0.993994414806366,-0.20400635817816798,0.006580912597563307,-0.9789474436415186,0.0,0.0,-1.0,0.0,0.0,1.0,1.0,0.6,True,False,outside,0.9188732155306125,-0.14437493690239656,1.1137805124025346,-1.0,-0.14437493690239656,1.1137805124025346
1780011699.947917,3784.3,65,0.04308104142546654,1.1077334880828857,-0.10047141462564468,-0.007229487411677837,-0.1023426279425621,-0.03806442767381668,-0.993994414806366,-0.20400635817816798,0.006580912597563307,-0.9789474436415186,0.0,0.0,-1.0,0.0,0.0,1.0,1.0,0.6,True,False,outside,0.9188732155306125,-0.14437493690239656,1.1137805124025346,-1.0,-0.14437493690239656,1.1137805124025346
1780011700.025148,3861.5,66,0.0366305410861969,1.0846363306045532,-0.10006768256425858,-0.08097533881664276,-0.0894738957285881,-0.05346742272377014,-0.9912511110305786,-0.18604126124498918,0.15096589472597363,-0.9708748362914552,0.0,0.0,-1.0,0.0,0.0,1.0,1.0,0.6,True,False,outside,0.9269292845958396,-0.13581655210492863,1.2245710394012708,-1.0,-0.13581655210492863,1.2245710394012708
1780011700.086872,3923.2,67,0.025978732854127884,1.0625507831573486,-0.09961125999689102,-0.1504911333322525,-0.055059514939785004,-0.06262741982936859,-0.985088050365448,-0.1273267097010133,0.28959762375952874,-0.9486417265277489,0.0,0.0,-1.0,0.0,0.0,1.0,1.0,0.6,True,False,outside,0.9491346572944275,-0.09487146012237044,1.3374179245376294,-1.0,-0.09487146012237044,1.3374179245376294
1780011700.147044,3983.4,68,0.015875114127993584,1.0432919263839722,-0.09744995832443237,-0.20620837807655334,-0.019623462110757828,-0.06601183861494064,-0.9760817289352417,-0.06553258876584878,0.3999616668219217,-0.9141860559441258,0.0,0.0,-1.0,0.0,0.0,1.0,1.0,0.6,True,False,outside,0.9872717219947736,-0.048823357629641295,1.4381627699191508,-1.0,-0.048823357629641295,1.4381627699191508
1780011700.198802,4035.2,69,0.012455632910132408,1.0323325395584106,-0.09494398534297943,-0.23619863390922546,-0.00833525788038969,-0.06663624197244644,-0.9693813920021057,-0.04763886913024177,0.4568222865321658,-0.8882814512729147,0.0,0.0,-1.0,0.0,0.0,1.0,1.0,0.6,True,False,outside,1.0188842887128486,-0.03608286237871846,1.4977815900399136,-1.0,-0.03608286237871846,1.4977815900399136
1780011700.258572,4094.9,70,0.010171638801693916,1.017987608909607,-0.09135764837265015,-0.27749451994895935,-0.0010666338494047523,-0.062462616711854935,-0.9586940407752991,-0.036711211784401385,0.5319313354334093,-0.8459913364292514,0.0,0.0,-1.0,0.0,0.0,1.0,1.0,0.6,True,False,outside,1.0740563319035097,-0.02925827066719313,1.58931182786975,-0.9999999999999999,-0.02925827066719313,1.58931182786975
1780011700.315412,4151.8,71,0.009043771773576736,1.003801941871643,-0.08683939278125763,-0.3209674656391144,-3.4540455089882016e-05,-0.054803211241960526,-0.9455032348632812,-0.03524541629713547,0.6069478445382758,-0.7939597437152482,0.0,0.0,-1.0,0.0,0.0,1.0,1.0,0.6,True,False,outside,1.1501346440383824,-0.03149320255331377,1.7018736849995362,-1.0,-0.03149320255331377,1.7018736849995362
1780011700.362754,4199.1,72,0.008528057485818863,0.9982025027275085,-0.08424407243728638,-0.34247949719429016,-0.0011868877336382866,-0.04730149731040001,-0.9383330941200256,-0.03462697665994347,0.6426073825103747,-0.765412780420184,0.0,0.0,-1.0,0.0,0.0,1.0,1.0,0.6,True,False,outside,1.1964210044415466,-0.032900384710444694,1.7670314727721244,-0.9999999999999999,-0.032900384710444694,1.7670314727721244
1780011700.410310,4246.7,73,0.008424436673521996,0.9944820404052734,-0.08032562583684921,-0.35965684056282043,-0.004820925649255514,-0.03338975831866264,-0.9324746131896973,-0.033008489399334075,0.6704197642486441,-0.7412474481118748,0.0,0.0,-1.0,0.0,0.0,1.0,1.0,0.6,True,False,outside,1.2407116901458073,-0.03252958199828575,1.8262796792133624,-1.0,-0.03252958199828575,1.8262796792133624
1780011700.456666,4293.0,74,0.00680810771882534,0.9937070608139038,-0.07175719738006592,-0.3678084909915924,0.0002635860873851925,-0.03432852402329445,-0.9292677044868469,-0.024762759435592255,0.683603153633463,-0.7294337078086801,0.0,0.0,-1.0,0.0,0.0,1.0,1.0,0.6,True,False,outside,1.272552656510081,-0.02470380758345766,1.8636280699688363,-1.0,-0.02470380758345766,1.8636280699688363
1780011700.502830,4339.2,75,0.004798628389835358,0.9943987131118774,-0.06600932776927948,-0.3697332739830017,0.0034603362437337637,-0.033904191106557846,-0.9285126328468323,-0.018645085725467157,0.6868387595199527,-0.7265706291885068,0.0,0.0,-1.0,0.0,0.0,1.0,1.0,0.6,True,False,outside,1.2854781554738557,-0.01916922201719008,1.8773149348075373,-1.0,-0.01916922201719008,1.8773149348075373
1780011700.550809,4387.2,76,0.0006025936454534531,0.9954357147216797,-0.05184672772884369,-0.37271997332572937,0.006943949963897467,-0.03733902797102928,-0.9271663427352905,-0.014957609229541655,0.691665371027495,-0.7220632136091231,0.0,0.0,-1.0,0.0,0.0,1.0,1.0,0.6,True,False,outside,1.3131167111144695,-0.01903849299217772,1.9036730719170731,-1.0,-0.01903849299217772,1.9036730719170731
1780011700.611795,4448.2,77,-0.0019772276282310486,0.9967597126960754,-0.0374041311442852,-0.36854875087738037,0.013520123437047005,-0.044932685792446136,-0.9284234642982483,-0.008014970359071685,0.6855535721793157,-0.7279780628029412,0.0,0.0,-1.0,0.0,0.0,1.0,1.0,0.6,True,False,outside,1.3222869177532937,-0.012575318080211957,1.903258232607823,-1.0,-0.012575318080211957,1.903258232607823
1780011700.661502,4497.9,78,-0.0055427029728889465,0.9996311664581299,-0.021278180181980133,-0.36252012848854065,0.026878701522946358,-0.06556189805269241,-0.9292783737182617,0.002420576746884562,0.6772886909568405,-0.7357133748343725,0.0,0.0,-1.0,0.0,0.0,1.0,1.0,0.6,True,False,outside,1.3303031496992352,-0.0023226021024196856,1.9006304452936869,-0.9999999999999999,-0.0023226021024196856,1.9006304452936869
1780011700.720529,4556.9,79,-0.009210407733917236,1.0004676580429077,-0.0029871538281440735,-0.3783879280090332,0.03552398085594177,-0.09069564938545227,-0.9205080270767212,-0.0032360582945105553,0.7030619166566041,-0.7111212760660849,0.0,0.0,-1.0,0.0,0.0,1.0,1.0,0.6,True,False,outside,1.4020292736666804,-0.013747456194112906,1.9861810463956706,-1.0,-0.013747456194112906,1.9861810463956706
1780011700.766827,4603.2,80,-0.011960441246628761,0.9992658495903015,0.012429490685462952,-0.40738973021507263,0.0385417677462101,-0.10490287095308304,-0.9063904285430908,-0.015604924553356589,0.7465945276852495,-0.6650963069812696,0.0,0.0,-1.0,0.0,0.0,1.0,1.0,0.6,True,False,outside,1.5222299087491022,-0.03571472412552139,2.135754369341198,-1.0,-0.03571472412552139,2.135754369341198
1780011700.814827,4651.2,81,-0.01478610374033451,0.9957106113433838,0.029731683433055878,-0.4358871281147003,0.043158624321222305,-0.111812062561512,-0.8919853568077087,-0.020481154426592763,0.7872611259656065,-0.616279516012596,0.0,0.0,-1.0,0.0,0.0,1.0,1.0,0.6,True,False,outside,1.6708841632373992,-0.049007740316547914,2.311132759051759,-1.0,-0.049007740316547914,2.311132759051759
1780011700.863925,4700.3,82,-0.016537614166736603,0.9861631989479065,0.05387738347053528,-0.4731397330760956,0.05257674679160118,-0.10860909521579742,-0.8726847171783447,-0.011008709034208003,0.8372241934065897,-0.5467489902140519,0.0,0.0,-1.0,0.0,0.0,1.0,1.0,0.6,True,False,outside,1.927534211005937,-0.037757277449182655,2.5999414740209597,-1.0,-0.037757277449182655,2.5999414740209597
1780011700.911530,4747.9,83,-0.016128912568092346,0.9716677069664001,0.07821875810623169,-0.5095321536064148,0.06423783302307129,-0.09253063052892685,-0.8530466556549072,0.015301073913116279,0.8811973079441219,-0.4725009858287471,0.0,0.0,-1.0,0.0,0.0,1.0,1.0,0.6,True,False,outside,2.281939700538573,0.018787215455122783,2.982506827971806,-1.0,0.018787215455122783,2.982506827971806
1780011700.975218,4811.6,84,-0.01506807655096054,0.9610750675201416,0.09351959824562073,-0.5328139066696167,0.07068583369255066,-0.08027803152799606,-0.8394452333450317,0.03312726884325971,0.9058852200284829,-0.4222257123777914,0.0,0.0,-1.0,0.0,0.0,1.0,1.0,0.6,True,False,outside,2.589893429482052,0.0707280193628833,3.3072212467368125,-1.0,0.0707280193628833,3.3072212467368125
1780011701.034696,4871.1,85,-0.013139981776475906,0.9464117288589478,0.11019319295883179,-0.5606470108032227,0.08062301576137543,-0.05074624717235565,-0.8225568532943726,0.07573255715680383,0.9305106200466967,-0.3583497813126214,0.0,0.0,-1.0,0.0,0.0,1.0,1.0,0.6,True,False,outside,3.0980713561265114,0.22148488427723187,3.8292000273971385,-1.0,0.22148488427723187,3.8292000273971385
1780011701.045654,4882.0,86,-0.011559836566448212,0.9420857429504395,0.11492036283016205,-0.566754162311554,0.08159402757883072,-0.04046321660280228,-0.8188374638557434,0.08775910650446161,0.9347622609008421,-0.34426422239478305,0.0,0.0,-1.0,0.0,0.0,1.0,1.0,0.6,True,False,outside,3.238560066086779,0.27265330119435766,3.9693694723888977,-1.0,0.27265330119435766,3.9693694723888977
1780011701.063303,4899.7,87,-0.010479971766471863,0.9400999546051025,0.11691088229417801,-0.5700717568397522,0.08191371709108353,-0.03609082102775574,-0.816704273223877,0.09264984244846589,0.9370726692347205,-0.3366167245809255,0.0,0.0,-1.0,0.0,0.0,1.0,1.0,0.6,True,False,outside,3.3180492849387915,0.29693677171935207,4.049353254695052,-1.0,0.29693677171935207,4.049353254695052
1780011701.115041,4951.4,88,-0.006344728171825409,0.9342271089553833,0.12195755541324615,-0.5806697607040405,0.0840112715959549,-0.022934753447771072,-0.8094682693481445,0.10937386560593734,0.943920909602648,-0.31152957152945226,0.0,0.0,-1.0,0.0,0.0,1.0,1.0,0.6,True,False,outside,3.6014480099112367,0.38755956245097667,4.333709190357444,-1.0,0.38755956245097667,4.333709190357444
1780011701.177391,5013.8,89,0.004624221473932266,0.9231265187263489,0.12783659994602203,-0.588610053062439,0.10752774775028229,0.000542009249329567,-0.8012340068817139,0.17294779927211532,0.9431119954612045,-0.28395214868726937,0.0,0.0,-1.0,0.0,0.0,1.0,1.0,0.6,True,False,outside,3.971924865369357,0.6915598858137555,4.669096504326819,-1.0,0.6915598858137555,4.669096504326819
1780011701.239034,5075.4,90,0.017926931381225586,0.9123767018318176,0.1300862729549408,-0.5904755592346191,0.14008592069149017,0.016495388001203537,-0.7946336269378662,0.2421141770486159,0.9338017870971149,-0.26342920811160225,0.0,0.0,-1.0,0.0,0.0,1.0,1.0,0.6,True,False,outside,4.289904984553488,1.0565737463331486,4.918297642884686,-1.0,1.0565737463331486,4.918297642884686
1780011701.283873,5120.2,91,0.03335198014974594,0.9029008150100708,0.1339751034975052,-0.5864362120628357,0.16004173457622528,0.016849175095558167,-0.7938483953475952,0.2738596929453308,0.9256897891142746,-0.26095839306191926,0.0,0.0,-1.0,0.0,0.0,1.0,1.0,0.6,True,False,outside,4.345424916946204,1.2233887136216228,4.925416289989916,-1.0000000000000002,1.2233887136216228,4.925416289989916
1780011701.332795,5169.2,92,0.046083878725767136,0.8956339955329895,0.1416354775428772,-0.5688988566398621,0.15676060318946838,0.02476058527827263,-0.8069493770599365,0.2811682290165506,0.9103820239531389,-0.30356053342732664,0.0,0.0,-1.0,0.0,0.0,1.0,1.0,0.6,True,False,outside,3.7608165483613116,1.1035060072846536,4.319413776546618,-1.0,1.1035060072846536,4.319413776546618
1780011701.396731,5233.1,93,0.06820575892925262,0.8763754367828369,0.15783829987049103,-0.5508227944374084,0.10836078971624374,0.0019140271469950676,-0.8275558352470398,0.1814577626463536,0.9112583009208446,-0.369704462210338,0.0,0.0,-1.0,0.0,0.0,1.0,1.0,0.6,True,False,outside,3.131794225442039,0.636494132146735,3.730248921492862,-1.0,0.636494132146735,3.730248921492862
1780011701.464168,5300.5,94,0.08683149516582489,0.8565161228179932,0.17043529450893402,-0.5654626488685608,0.031328801065683365,-0.04446980357170105,-0.822978138923645,0.0012738108428877043,0.9335130918613284,-0.35854105027101146,0.0,0.0,-1.0,0.0,0.0,1.0,1.0,0.6,True,False,outside,3.2644387403457253,0.09098977262921995,3.903912424510031,-1.0,0.09098977262921995,3.903912424510031
1780011701.518220,5354.6,95,0.10407137870788574,0.8358972072601318,0.18625424802303314,-0.5683377981185913,-0.061626993119716644,-0.08450403809547424,-0.816120982170105,-0.1966438168170241,0.9172492260957699,-0.3463886062420992,0.0,0.0,-1.0,0.0,0.0,1.0,1.0,0.6,True,False,outside,3.4246341439820105,-0.5693617505666388,3.9771402254887804,-1.0,-0.5693617505666388,3.9771402254887804
1780011701.563881,5400.2,96,0.10911672562360764,0.8259444236755371,0.19327104091644287,-0.5714206695556641,-0.08680158108472824,-0.09771467745304108,-0.810182511806488,-0.2523226297405632,0.9089465290776982,-0.3318877789229542,0.0,0.0,-1.0,0.0,0.0,1.0,1.0,0.6,True,False,outside,3.595405184212745,-0.7980853654398062,4.093975486493674,-1.0,-0.7980853654398062,4.093975486493674
1780011701.616284,5452.6,97,0.11071626096963882,0.8174079060554504,0.19891226291656494,-0.5790448784828186,-0.0942281037569046,-0.10118186473846436,-0.8034864068031311,-0.26859965999872365,0.9114409518843715,-0.31165624312161794,0.0,0.0,-1.0,0.0,0.0,1.0,1.0,0.6,True,False,outside,3.8469059721313275,-0.9225613751918953,4.323635547104501,-1.0,-0.9225613751918953,4.323635547104501
1780011701.677161,5513.5,98,0.10927877575159073,0.808027982711792,0.2105739414691925,-0.573803186416626,-0.09943940490484238,-0.10098971426486969,-0.8066366910934448,-0.27631939420591434,0.9056167240604005,-0.3217233928202688,0.0,0.0,-1.0,0.0,0.0,1.0,1.0,0.6,True,False,outside,3.762778736283815,-0.930449965189249,4.215663335229275,-1.0,-0.930449965189249,4.215663335229275
1780011701.723407,5559.8,99,0.10748596489429474,0.8044666647911072,0.21719911694526672,-0.5704982280731201,-0.09856902807950974,-0.10488608479499817,-0.8085882663726807,-0.27907812634793977,0.9019191660897827,-0.3296319420718121,0.0,0.0,-1.0,0.0,0.0,1.0,1.0,0.6,True,False,outside,3.6926006299477288,-0.9230381002627395,4.134893945656169,-1.0,-0.9230381002627395,4.134893945656169
1780011701.766426,5602.8,100,0.10502949357032776,0.8021625280380249,0.22340679168701172,-0.567947268486023,-0.09349921345710754,-0.10904981940984726,-0.8104331493377686,-0.27541883046633875,0.9001744824156724,-0.3373875650231207,0.0,0.0,-1.0,0.0,0.0,1.0,1.0,0.6,True,False,outside,3.626117019467429,-0.8936714150654775,4.066300539215778,-1.0,-0.8936714150654775,4.066300539215778
1780011701.817448,5653.8,101,0.1015089675784111,0.8003018498420715,0.2295336127281189,-0.565830409526825,-0.08608672022819519,-0.11350664496421814,-0.8121214509010315,-0.2682767710462335,0.8995032100235862,-0.3448500388201675,0.0,0.0,-1.0,0.0,0.0,1.0,1.0,0.6,True,False,outside,3.5654153235264574,-0.8550091428560288,4.007404378421404,-1.0,-0.8550091428560288,4.007404378421404
1780011701.876048,5712.4,102,0.09459049999713898,0.7982807159423828,0.23882566392421722,-0.5655611753463745,-0.07436829060316086,-0.11763345450162888,-0.8128791451454163,-0.25396263870312324,0.901969173251776,-0.34921997171761926,0.0,0.0,-1.0,0.0,0.0,1.0,1.0,0.6,True,False,outside,3.547407835328321,-0.8063185544189759,3.9979332283603406,-1.0,-0.8063185544189759,3.9979332283603406
1780011701.922952,5759.3,103,0.0892038494348526,0.7971268892288208,0.24471476674079895,-0.5696231126785278,-0.06292823702096939,-0.11958594620227814,-0.8107211589813232,-0.23827233248437737,0.9085603095323359,-0.3431391255962519,0.0,0.0,-1.0,0.0,0.0,1.0,1.0,0.6,True,False,outside,3.6274346872509335,-0.7751134744311653,4.092870071485861,-1.0,-0.7751134744311653,4.092870071485861
1780011701.975519,5811.9,104,0.08649241924285889,0.7967578768730164,0.2475820630788803,-0.5717552900314331,-0.05661308392882347,-0.11765849590301514,-0.8099674582481384,-0.22625325578207256,0.912884375720166,-0.3397816663888962,0.0,0.0,-1.0,0.0,0.0,1.0,1.0,0.6,True,False,outside,3.6717168302158,-0.7442454679032973,4.148610803245793,-1.0,-0.7442454679032973,4.148610803245793
1780011702.033997,5870.4,105,0.07972745597362518,0.7957364916801453,0.25406956672668457,-0.5812726020812988,-0.033920083194971085,-0.11148174107074738,-0.805321991443634,-0.18423572318896098,0.9286601876513417,-0.32194324681908676,0.0,0.0,-1.0,0.0,0.0,1.0,1.0,0.6,True,False,outside,3.895312540695715,-0.6379282670084788,4.413158166683253,-1.0,-0.6379282670084788,4.413158166683253
1780011702.093585,5929.9,106,0.07587186992168427,0.7957763671875,0.25692546367645264,-0.5883892178535461,-0.01504968199878931,-0.10856937617063522,-0.8011144399642944,-0.1518751327541253,0.9394663095444559,-0.3071432846113319,0.0,0.0,-1.0,0.0,0.0,1.0,1.0,0.6,True,False,outside,4.092309767628496,-0.5456482193078973,4.640363522094173,-1.0,-0.5456482193078973,4.640363522094173
1780011702.138472,5974.8,107,0.07442322373390198,0.796099841594696,0.25855886936187744,-0.5896919369697571,-0.008564796298742294,-0.106726735830307,-0.800499677658081,-0.13958398733314045,0.942267974461249,-0.30438031274193295,0.0,0.0,-1.0,0.0,0.0,1.0,1.0,0.6,True,False,outside,4.134823497697563,-0.5027319269934861,4.692211603524956,-0.9999999999999998,-0.5027319269934861,4.692211603524956
1780011702.230969,6067.3,108,0.07339885085821152,0.7986537218093872,0.2651616930961609,-0.5847644209861755,-0.00398249039426446,-0.0992245227098465,-0.8051021099090576,-0.12245853929460672,0.9407996272191549,-0.31606956129645025,0.0,0.0,-1.0,0.0,0.0,1.0,1.0,0.6,True,False,outside,4.0027951059467295,-0.41677759091162553,4.564481865318728,-1.0,-0.41677759091162553,4.564481865318728
1780011702.244936,6081.3,109,0.07386667281389236,0.7988653182983398,0.2658643424510956,-0.5834470391273499,-0.005568156950175762,-0.09800533950328827,-0.8061970472335815,-0.12333989180952498,0.9396549754249335,-0.3191172170967631,0.0,0.0,-1.0,0.0,0.0,1.0,1.0,0.6,True,False,outside,3.9667691827083673,-0.4153942090147155,4.526259717192554,-1.0,-0.4153942090147155,4.526259717192554
1780011702.327698,6164.1,110,0.07879888266324997,0.7986012697219849,0.2682114839553833,-0.5753010511398315,-0.020259488373994827,-0.09579280018806458,-0.8120603561401367,-0.1431232478326336,0.9304768998240875,-0.3372365265264035,0.0,0.0,-1.0,0.0,0.0,1.0,1.0,0.6,True,False,outside,3.7605994137651346,-0.45943031923231403,4.297752153722449,-1.0,-0.45943031923231403,4.297752153722449
1780011702.336132,6172.5,111,0.079747773706913,0.7983302474021912,0.2682998478412628,-0.5747913122177124,-0.02272060699760914,-0.09631331264972687,-0.8122944831848145,-0.1476317788019742,0.9294231598865692,-0.3381973503063411,0.0,0.0,-1.0,0.0,0.0,1.0,1.0,0.6,True,False,outside,3.750176773095441,-0.47389749412701454,4.283831393985773,-1.0,-0.47389749412701454,4.283831393985773
1780011702.422807,6259.2,112,0.08453887701034546,0.7959489822387695,0.26786524057388306,-0.5771185159683228,-0.03537249565124512,-0.10375978797674179,-0.8092693090438843,-0.17701515709403548,0.9267482098275365,-0.33136594535412145,0.0,0.0,-1.0,0.0,0.0,1.0,1.0,0.6,True,False,outside,3.826178454213064,-0.5927527031319939,4.341853015161417,-1.0,-0.5927527031319939,4.341853015161417
1780011702.433060,6269.4,113,0.08453887701034546,0.7959489822387695,0.26786524057388306,-0.5771185159683228,-0.03537249565124512,-0.10375978797674179,-0.8092693090438843,-0.17701515709403548,0.9267482098275365,-0.33136594535412145,0.0,0.0,-1.0,0.0,0.0,1.0,1.0,0.6,True,False,outside,3.826178454213064,-0.5927527031319939,4.341853015161417,-1.0,-0.5927527031319939,4.341853015161417
1780011702.518697,6355.1,114,0.08972921967506409,0.7922788262367249,0.265735924243927,-0.5838169455528259,-0.050259679555892944,-0.11462358385324478,-0.802180290222168,-0.2144730201766553,0.9251309625439366,-0.3132635085017619,0.0,0.0,-1.0,0.0,0.0,1.0,1.0,0.6,True,False,outside,4.040483139250827,-0.776845402172914,4.530254881994389,-1.0,-0.776845402172914,4.530254881994389
1780011702.585159,6421.5,115,0.09423680603504181,0.7892438173294067,0.262859046459198,-0.5882443785667419,-0.06309632211923599,-0.11624354869127274,-0.7977938652038574,-0.23743489596744793,0.9239262392681584,-0.2999749565692524,0.0,0.0,-1.0,0.0,0.0,1.0,1.0,0.6,True,False,outside,4.209881587790658,-0.9053359907973076,4.678863880501093,-1.0,-0.9053359907973076,4.678863880501093
1780011702.670634,6507.0,116,0.09910239279270172,0.7864758968353271,0.2587781250476837,-0.5884631872177124,-0.07262200117111206,-0.1153375655412674,-0.7969531416893005,-0.2514965014544058,0.9212031355827431,-0.2968742035757171,0.0,0.0,-1.0,0.0,0.0,1.0,1.0,0.6,True,False,outside,4.240106111902833,-0.9672694601463039,4.69247494232377,-1.0,-0.9672694601463039,4.69247494232377
1780011702.683250,6519.6,117,0.10039225220680237,0.7857980728149414,0.25735557079315186,-0.5889081358909607,-0.07423779368400574,-0.11468349397182465,-0.7965700030326843,-0.25334725498370625,0.9211853051521776,-0.2953519967156316,0.0,0.0,-1.0,0.0,0.0,1.0,1.0,0.6,True,False,outside,4.257142612121051,-0.9781431426482308,4.70741528903801,-1.0,-0.9781431426482308,4.70741528903801
1780011702.736755,6573.1,118,0.10214187204837799,0.7850353121757507,0.25572139024734497,-0.5889210104942322,-0.07690568268299103,-0.11369872093200684,-0.7964484691619873,-0.2564219567567572,0.9206023155233864,-0.29451512142165953,0.0,0.0,-1.0,0.0,0.0,1.0,1.0,0.6,True,False,outside,4.2636907204826295,-0.991162045503406,4.710198862127635,-1.0,-0.991162045503406,4.710198862127635
1780011702.782288,6618.7,119,0.10428062826395035,0.7841399908065796,0.2543623745441437,-0.587614119052887,-0.08131352812051773,-0.11218184232711792,-0.7971907258033752,-0.26148403374053564,0.918637192548175,-0.2961955579781469,0.0,0.0,-1.0,0.0,0.0,1.0,1.0,0.6,True,False,outside,4.234912849829739,-1.003081466249157,4.674488441860362,-1.0,-1.003081466249157,4.674488441860362
1780011702.830741,6667.1,120,0.10542839765548706,0.783349871635437,0.25406432151794434,-0.5868040919303894,-0.08443789184093475,-0.11058643460273743,-0.7976853251457214,-0.26449486920885823,0.9174946206548248,-0.29706242648919445,0.0,0.0,-1.0,0.0,0.0,1.0,1.0,0.6,True,False,outside,4.221551464246053,-1.0111503047387367,4.656600630898689,-1.0,-1.0111503047387367,4.656600630898689
1780011702.879231,6715.6,121,0.10625387728214264,0.7818931341171265,0.25447940826416016,-0.5883190035820007,-0.08706755191087723,-0.10973910987377167,-0.7964028120040894,-0.26780486182566626,0.9179682763751232,-0.2926000675861526,0.0,0.0,-1.0,0.0,0.0,1.0,1.0,0.6,True,False,outside,4.287351737862444,-1.0419197624741396,4.717546019136604,-1.0,-1.0419197624741396,4.717546019136604
1780011702.939811,6776.2,122,0.10604190081357956,0.7803170084953308,0.2557773292064667,-0.5910503268241882,-0.08856711536645889,-0.10851413011550903,-0.7943803668022156,-0.26898655071336786,0.9198158860501013,-0.2856308304528623,0.0,0.0,-1.0,0.0,0.0,1.0,1.0,0.6,True,False,outside,4.396504842336016,-1.0765587719210046,4.824292005572195,-1.0,-1.0765587719210046,4.824292005572195
1780011702.989046,6825.4,123,0.10534629970788956,0.7789214849472046,0.25689008831977844,-0.5944340825080872,-0.0887901708483696,-0.10854755342006683,-0.7918217778205872,-0.2696607470172521,0.9220959103535782,-0.277528761801914,0.0,0.0,-1.0,0.0,0.0,1.0,1.0,0.6,True,False,outside,4.528864252336063,-1.1159106177167821,4.954968690572803,-1.0,-1.1159106177167821,4.954968690572803
1780011703.053160,6889.5,124,0.1037147045135498,0.7763274908065796,0.25844648480415344,-0.5997617244720459,-0.08627604693174362,-0.10885307192802429,-0.7880313396453857,-0.26654825237498037,0.9264791838239939,-0.26568468359442554,0.0,0.0,-1.0,0.0,0.0,1.0,1.0,0.6,True,False,outside,4.73661660799839,-1.1588221745187286,5.1647041798721025,-1.0,-1.1588221745187286,5.1647041798721025
1780011703.112881,6949.2,125,0.10245523601770401,0.7738140225410461,0.25894895195961,-0.6035634875297546,-0.08253782987594604,-0.11075447499752045,-0.7852592468261719,-0.26332189859594735,0.9296247370069807,-0.2577972576745685,0.0,0.0,-1.0,0.0,0.0,1.0,1.0,0.6,True,False,outside,4.883484655018517,-1.1834732151059468,5.313622160640261,-1.0,-1.1834732151059468,5.313622160640261
1780011703.160485,6996.9,126,0.10144650936126709,0.7714576721191406,0.2599159777164459,-0.6055876612663269,-0.08123820275068283,-0.11275940388441086,-0.7835493087768555,-0.2638796130556635,0.9306945988980844,-0.2533280746295746,0.0,0.0,-1.0,0.0,0.0,1.0,1.0,0.6,True,False,outside,4.9734557828173624,-1.2109470781580305,5.400226107045704,-1.0,-1.2109470781580305,5.400226107045704
1780011703.210411,7046.8,127,0.10075239092111588,0.7702066898345947,0.2608928382396698,-0.6069040894508362,-0.080945685505867,-0.11319968104362488,-0.7824966907501221,-0.26408215638912685,0.9314748161550263,-0.2502304568709192,0.0,0.0,-1.0,0.0,0.0,1.0,1.0,0.6,True,False,outside,5.038926332177455,-1.2299381407662602,5.463839668718311,-1.0,-1.2299381407662602,5.463839668718311
1780011703.273468,7109.8,128,0.0998443141579628,0.7687534093856812,0.2612915337085724,-0.6117812395095825,-0.07751750946044922,-0.11197125911712646,-0.7792156934738159,-0.25780957459696485,0.9360597043973106,-0.2394294322963486,0.0,0.0,-1.0,0.0,0.0,1.0,1.0,0.6,True,False,outside,5.267905125997359,-1.258272065392587,5.699827124419846,-1.0,-1.258272065392587,5.699827124419846
1780011703.333667,7170.0,129,0.09971528500318527,0.7677057981491089,0.26126304268836975,-0.6145710349082947,-0.0750386118888855,-0.11255273222923279,-0.7771766781806946,-0.25497980200309855,0.9383688958924382,-0.233343343149247,0.0,0.0,-1.0,0.0,0.0,1.0,1.0,0.6,True,False,outside,5.405181162085531,-1.2784967374962615,5.839759677313914,-1.0,-1.2784967374962615,5.839759677313914
1780011703.379844,7216.2,130,0.10012094676494598,0.7667472958564758,0.261738121509552,-0.6155645251274109,-0.0767965316772461,-0.1135321632027626,-0.776075541973114,-0.2589725147305174,0.9380112132040992,-0.23036536310288933,0.0,0.0,-1.0,0.0,0.0,1.0,1.0,0.6,True,False,outside,5.477117325776163,-1.3183019005653935,5.904344763468966,-1.0,-1.3183019005653935,5.904344763468966
1780011703.427180,7263.5,131,0.10057748854160309,0.7661540508270264,0.2623358964920044,-0.6154717803001404,-0.07922597229480743,-0.11370255053043365,-0.7758799195289612,-0.2629010553705587,0.9370478256938038,-0.22983560961600613,0.0,0.0,-1.0,0.0,0.0,1.0,1.0,0.6,True,False,outside,5.49234254257219,-1.3433651623572433,5.912741688309875,-1.0,-1.3433651623572433,5.912741688309875
1780011703.473961,7310.3,132,0.10085151344537735,0.7654848694801331,0.26297664642333984,-0.6157041788101196,-0.08048809319734573,-0.11367937922477722,-0.7755689024925232,-0.2648338373192698,0.9367422686407372,-0.22886013360250312,0.0,0.0,-1.0,0.0,0.0,1.0,1.0,0.6,True,False,outside,5.518552430004901,-1.3606479030404015,5.934946192375777,-1.0,-1.3606479030404015,5.934946192375777
1780011703.521420,7357.8,133,0.10096535831689835,0.7647888660430908,0.26346999406814575,-0.6165125966072083,-0.08153780549764633,-0.11363239586353302,-0.7748234868049622,-0.26646643302110806,0.9368462515516294,-0.22652757233208654,0.0,0.0,-1.0,0.0,0.0,1.0,1.0,0.6,True,False,outside,5.577555001630949,-1.3852658279467411,5.990100362144087,-1.0,-1.3852658279467411,5.990100362144087
1780011703.538352,7374.7,134,0.10097860544919968,0.764319896697998,0.2638862729072571,-0.6176249384880066,-0.0820326879620552,-0.11337781697511673,-0.773922324180603,-0.26702373283559827,0.9373858755474259,-0.2236203175624452,0.0,0.0,-1.0,0.0,0.0,1.0,1.0,0.6,True,False,outside,5.651929514652984,-1.4082207112771314,6.062358793323324,-1.0,-1.4082207112771314,6.062358793323324
1780011703.586664,7423.0,135,0.10084148496389389,0.7634531855583191,0.2644333839416504,-0.6195563077926636,-0.0828384980559349,-0.11298789829015732,-0.7723479866981506,-0.2679650478812804,0.938306719984188,-0.21857546144637952,0.0,0.0,-1.0,0.0,0.0,1.0,1.0,0.6,True,False,outside,5.784882601068366,-1.4493048582189767,6.191447404460376,-1.0,-1.4493048582189767,6.191447404460376
1780011703.634630,7471.0,136,0.1008116602897644,0.7628536820411682,0.2647557258605957,-0.6210058927536011,-0.08319508284330368,-0.11348152160644531,-0.7710721492767334,-0.26924419492844226,0.9387984353290956,-0.21486056250735497,0.0,0.0,-1.0,0.0,0.0,1.0,1.0,0.6,True,False,outside,5.886402376970885,-1.4840680087226303,6.288999023258904,-1.0,-1.4840680087226303,6.288999023258904
1780011703.695374,7531.7,137,0.10082119703292847,0.761942982673645,0.2646864652633667,-0.6222800016403198,-0.08491402119398117,-0.1151040717959404,-0.7696157097816467,-0.2739562315692456,0.9382849564909664,-0.21111447986133752,0.0,0.0,-1.0,0.0,0.0,1.0,1.0,0.6,True,False,outside,5.990524506391166,-1.5403203218612105,6.382762008510949,-1.0,-1.5403203218612105,6.382762008510949
1780011703.744339,7580.7,138,0.10099639743566513,0.7610962390899658,0.2645080089569092,-0.6221317648887634,-0.08670772612094879,-0.11712273210287094,-0.7692307233810425,-0.2791280928751238,0.9368150282520199,-0.21086751909448642,0.0,0.0,-1.0,0.0,0.0,1.0,1.0,0.6,True,False,outside,5.996694106266328,-1.57284939200195,6.378889397670577,-1.0,-1.57284939200195,6.378889397670577
1780011703.793406,7629.8,139,0.10104824602603912,0.7606250047683716,0.26436206698417664,-0.6220177412033081,-0.08723806589841843,-0.11772610992193222,-0.7691709399223328,-0.2806574500461793,0.9363356177897939,-0.21096683765886382,0.0,0.0,-1.0,0.0,0.0,1.0,1.0,0.6,True,False,outside,5.993179217241086,-1.580982150754601,6.372252169668758,-1.0,-1.580982150754601,6.372252169668758
1780011703.839952,7676.3,140,0.10101097077131271,0.7600935101509094,0.26399508118629456,-0.6229919791221619,-0.08652255684137344,-0.11824941635131836,-0.7683826684951782,-0.2803017396553488,0.9369299869810724,-0.20878968902183082,0.0,0.0,-1.0,0.0,0.0,1.0,1.0,0.6,True,False,outside,6.0539152441293815,-1.5959120038841887,6.432188241017567,-1.0,-1.5959120038841887,6.432188241017567
1780011703.887872,7724.2,141,0.10089100152254105,0.7595589756965637,0.2638898491859436,-0.6239587068557739,-0.08603683114051819,-0.11906663328409195,-0.7675260901451111,-0.2806563597279137,0.937320973229763,-0.20654636498347248,0.0,0.0,-1.0,0.0,0.0,1.0,1.0,0.6,True,False,outside,6.119158036439315,-1.6164896175843255,6.495174141758588,-1.0,-1.6164896175843255,6.495174141758588
1780011703.933779,7770.1,142,0.10071845352649689,0.7590432167053223,0.2639826834201813,-0.6248174905776978,-0.08641460537910461,-0.11946745961904526,-0.7667222619056702,-0.28180275347752604,0.9374756037688226,-0.20427114448880535,0.0,0.0,-1.0,0.0,0.0,1.0,1.0,0.6,True,False,outside,6.187769136866275,-1.643011927125674,6.55992582427112,-1.0,-1.643011927125674,6.55992582427112
1780011703.983255,7819.6,143,0.1005406528711319,0.7583357691764832,0.26393622159957886,-0.6258146166801453,-0.08715975284576416,-0.12113653123378754,-0.7655619978904724,-0.2850704159670299,0.9370833267775848,-0.20151847710777995,0.0,0.0,-1.0,0.0,0.0,1.0,1.0,0.6,True,False,outside,6.272061201234547,-1.6874384427354698,6.635779745381967,-1.0,-1.6874384427354698,6.635779745381967
1780011704.042161,7878.5,144,0.10019665956497192,0.757753849029541,0.26396873593330383,-0.6259257793426514,-0.08815570920705795,-0.12262238562107086,-0.7651204466819763,-0.28840447914130396,0.936197443006182,-0.2008910254837677,0.0,0.0,-1.0,0.0,0.0,1.0,1.0,0.6,True,False,outside,6.291812851716636,-1.714390348788927,6.64813295268009,-1.0,-1.714390348788927,6.64813295268009
1780011704.088931,7925.3,145,0.09987228363752365,0.7573279142379761,0.2639220356941223,-0.6264336109161377,-0.08910775184631348,-0.12391896545886993,-0.7643852233886719,-0.2914793250595027,0.9355889664696003,-0.19928143135576384,0.0,0.0,-1.0,0.0,0.0,1.0,1.0,0.6,True,False,outside,6.3423974180400515,-1.748805435031923,6.69120495952153,-1.0,-1.748805435031923,6.69120495952153
1780011704.135099,7971.5,146,0.09959147125482559,0.7570644021034241,0.2639022469520569,-0.6264815330505371,-0.08930862694978714,-0.12433116883039474,-0.764255702495575,-0.29229157047103416,0.9353763262610025,-0.1990898442966066,0.0,0.0,-1.0,0.0,0.0,1.0,1.0,0.6,True,False,outside,6.348401403484345,-1.755992744950131,6.6952087845248025,-1.0,-1.755992744950131,6.6952087845248025
1780011704.183051,8019.4,147,0.09938650578260422,0.7568992376327515,0.2639542818069458,-0.6271445751190186,-0.08927877247333527,-0.12477987259626389,-0.7636419534683228,-0.29286405316811115,0.9355473664941961,-0.19743801915467052,0.0,0.0,-1.0,0.0,0.0,1.0,1.0,0.6,True,False,outside,6.401777566542438,-1.7754640198357015,6.746065380893152,-1.0,-1.7754640198357015,6.746065380893152
1780011704.232075,8068.4,148,0.09914721548557281,0.7566359639167786,0.2642384469509125,-0.6279202699661255,-0.08941692858934402,-0.12535934150218964,-0.7628930807113647,-0.2938624348881525,0.9356534986469496,-0.19544155093359541,0.0,0.0,-1.0,0.0,0.0,1.0,1.0,0.6,True,False,outside,6.468626762895772,-1.8017391954416466,6.809029226061499,-1.0,-1.8017391954416466,6.809029226061499
1780011704.278017,8114.4,149,0.09913675487041473,0.7564414143562317,0.26457616686820984,-0.6281035542488098,-0.09009033441543579,-0.12522068619728088,-0.7626857757568359,-0.2947243033361078,0.9355288001147364,-0.1947394391974252,0.0,0.0,-1.0,0.0,0.0,1.0,1.0,0.6,True,False,outside,6.493682903062041,-1.814709414820139,6.8314687889834405,-1.0,-1.814709414820139,6.8314687889834405
1780011704.326903,8163.3,150,0.09931064397096634,0.7562134265899658,0.26492756605148315,-0.6285576224327087,-0.09064138680696487,-0.1253994107246399,-0.7622168660163879,-0.29581826630955765,0.9354615874264212,-0.19339899629327983,0.0,0.0,-1.0,0.0,0.0,1.0,1.0,0.6,True,False,outside,6.540507398152595,-1.83549091533537,6.8746068598400445,-1.0,-1.83549091533537,6.8746068598400445
1780011704.389107,8225.5,151,0.09947967529296875,0.7561542391777039,0.2651284635066986,-0.6293838620185852,-0.0905427560210228,-0.12528277933597565,-0.7615655064582825,-0.2956104483995512,0.9359473403914297,-0.19135579116197565,0.0,0.0,-1.0,0.0,0.0,1.0,1.0,0.6,True,False,outside,6.6113936548479675,-1.8549173675625865,6.944070546713433,-1.0,-1.8549173675625865,6.944070546713433
1780011704.452721,8289.1,152,0.09959858655929565,0.7558795809745789,0.2653377950191498,-0.6305426955223083,-0.09009292721748352,-0.12545245885849,-0.7606319785118103,-0.2952613410449246,0.9366169746635926,-0.1885984709810025,0.0,0.0,-1.0,0.0,0.0,1.0,1.0,0.6,True,False,outside,6.709162531580689,-1.8813577398035797,7.039795093830014,-1.0,-1.8813577398035797,7.039795093830014
1780011704.512269,8348.6,153,0.09961901605129242,0.7556151151657104,0.2656383514404297,-0.6313786506652832,-0.08994848281145096,-0.12505918741226196,-0.7600200772285461,-0.294644693500639,0.9372230881440117,-0.1865405790752154,0.0,0.0,-1.0,0.0,0.0,1.0,1.0,0.6,True,False,outside,6.784788369988436,-1.8994828736906504,7.114475423689848,-1.0,-1.8994828736906504,7.114475423689848
1780011704.559291,8395.7,154,0.09968574345111847,0.7554028034210205,0.26572516560554504,-0.6320180892944336,-0.08954153209924698,-0.1252858191728592,-0.759499192237854,-0.29437921812432843,0.9375977844432838,-0.18507098784940515,0.0,0.0,-1.0,0.0,0.0,1.0,1.0,0.6,True,False,outside,6.839133352632684,-1.913612985544908,7.167759082361592,-1.0,-1.913612985544908,7.167759082361592
1780011704.607733,8444.1,155,0.09967131167650223,0.7553508877754211,0.26568660140037537,-0.6322725415229797,-0.08896651118993759,-0.12529410421848297,-0.7593535780906677,-0.29355409832211377,0.9379428035453047,-0.1846328482038474,0.0,0.0,-1.0,0.0,0.0,1.0,1.0,0.6,True,False,outside,6.855153964818709,-1.9126872293251171,7.185093216272192,-1.0,-1.9126872293251171,7.185093216272192
1780011704.654313,8490.7,156,0.09967784583568573,0.7553324699401855,0.2656381130218506,-0.632129967212677,-0.08880455046892166,-0.12542973458766937,-0.7594688534736633,-0.2934643385386358,0.9378884854469571,-0.1850509953285684,0.0,0.0,-1.0,0.0,0.0,1.0,1.0,0.6,True,False,outside,6.839401813400892,-1.907442683333953,7.16992867807392,-1.0,-1.907442683333953,7.16992867807392
1780011704.702117,8538.5,157,0.09959225356578827,0.755297839641571,0.26556196808815,-0.6322788000106812,-0.0883592888712883,-0.1257576197385788,-0.759342610836029,-0.2932176928450484,0.938008738940116,-0.1848323301660192,0.0,0.0,-1.0,0.0,0.0,1.0,1.0,0.6,True,False,outside,6.847081173252554,-1.9080930907780926,7.17791981638481,-1.0,-1.9080930907780926,7.17791981638481
1780011704.749425,8585.8,158,0.09968335926532745,0.7550984621047974,0.2655128538608551,-0.6322476863861084,-0.08869296312332153,-0.12620389461517334,-0.759255588054657,-0.2942654818995572,0.937688336542049,-0.18479288318392198,0.0,0.0,-1.0,0.0,0.0,1.0,1.0,0.6,True,False,outside,6.8482770118441545,-1.9155281758066525,7.1766479415200966,-1.0,-1.9155281758066525,7.1766479415200966
1780011704.835275,8671.6,159,0.09997494518756866,0.7547187805175781,0.2655491530895233,-0.6322762370109558,-0.0899171307682991,-0.12692052125930786,-0.7589684128761292,-0.29698612360040644,0.9369305378991988,-0.18428350317031228,0.0,0.0,-1.0,0.0,0.0,1.0,1.0,0.6,True,False,outside,6.867403382927447,-1.9395485647083714,7.188998726054568,-1.0,-1.9395485647083714,7.188998726054568
1780011704.841950,8678.3,160,0.10014273226261139,0.7546512484550476,0.2657114565372467,-0.6321536898612976,-0.09055360406637192,-0.12691760063171387,-0.7589952349662781,-0.29792234120675104,0.9366175030683468,-0.18436358522198337,0.0,0.0,-1.0,0.0,0.0,1.0,1.0,0.6,True,False,outside,6.865300731775552,-1.945183734836382,7.184812077663959,-1.0,-1.945183734836382,7.184812077663959
1780011704.941420,8777.8,161,0.1008840948343277,0.7549699544906616,0.2661575376987457,-0.632027804851532,-0.09196501970291138,-0.1255061775445938,-0.7591651082038879,-0.2982800044216361,0.9365423954466657,-0.1841667192878507,0.0,0.0,-1.0,0.0,0.0,1.0,1.0,0.6,True,False,outside,6.875061588732297,-1.9498093062517623,7.193756603645367,-1.0,-1.9498093062517623,7.193756603645367
1780011704.946639,8783.0,162,0.10098212212324142,0.7550557851791382,0.26614218950271606,-0.6321057081222534,-0.09179455786943436,-0.12535536289215088,-0.7591457366943359,-0.2978465504598379,0.936706748347628,-0.18403233405896102,0.0,0.0,-1.0,0.0,0.0,1.0,1.0,0.6,True,False,outside,6.879998539262477,-1.948201709964811,7.199596845528124,-1.0,-1.948201709964811,7.199596845528124
1780011705.043232,8879.6,163,0.10150988399982452,0.7551935911178589,0.2658149302005768,-0.6328043937683105,-0.09028474241495132,-0.12482623010873795,-0.7588317394256592,-0.29500305007090327,0.9378443734179257,-0.18281447343468915,0.0,0.0,-1.0,0.0,0.0,1.0,1.0,0.6,True,False,outside,6.9240411134777675,-1.9411033632924504,7.248866590707372,-1.0,-1.9411033632924504,7.248866590707372
1780011705.144631,8981.0,164,0.10169069468975067,0.7538102865219116,0.26645663380622864,-0.6334949731826782,-0.0906824842095375,-0.1250770539045334,-0.758166491985321,-0.29597624337083905,0.9379048274663789,-0.18092152435613607,0.0,0.0,-1.0,0.0,0.0,1.0,1.0,0.6,True,False,outside,7.000032960772895,-1.9701527645118628,7.319174992854579,-1.0,-1.9701527645118628,7.319174992854579
1780011705.154850,8991.2,165,0.10159322619438171,0.7531325817108154,0.26683709025382996,-0.6341552138328552,-0.09093065559864044,-0.12539042532444,-0.7575328946113586,-0.29679989030196485,0.9379831418365744,-0.17915761425942878,0.0,0.0,-1.0,0.0,0.0,1.0,1.0,0.6,True,False,outside,7.071075909837632,-1.997101328162294,7.3856825797852315,-1.0,-1.997101328162294,7.3856825797852315
1780011705.244464,9080.8,166,0.10127793252468109,0.7505745887756348,0.2678975760936737,-0.6369837522506714,-0.09136558324098587,-0.1265932321548462,-0.7549026608467102,-0.29921995446646216,0.9385890762197512,-0.1718079301139576,0.0,0.0,-1.0,0.0,0.0,1.0,1.0,0.6,True,False,outside,7.3797383814163675,-2.1068870499371277,7.677116418932665,-1.0,-2.1068870499371277,7.677116418932665
1780011705.252661,9089.0,167,0.10121648758649826,0.7501344680786133,0.2680484354496002,-0.6375200748443604,-0.09144424647092819,-0.12692898511886597,-0.7543839812278748,-0.2998076852908938,0.9386559624493062,-0.1704122530773041,0.0,0.0,-1.0,0.0,0.0,1.0,1.0,0.6,True,False,outside,7.441063729580382,-2.1296716052810214,7.73473330481451,-1.0,-2.1296716052810214,7.73473330481451
